<?xml version='1.0' encoding='UTF-8'?>
<?artifactRepository class='org.eclipse.equinox.internal.p2.artifact.repository.simple.SimpleArtifactRepository' version='1.0.0'?>
<repository name='Subclipse 1.6.x Artifacts' type='org.eclipse.equinox.p2.artifact.repository.simpleRepository' version='1'>
  <properties size='3'>
    <property name='publishPackFilesAsSiblings' value='true'/>
    <property name='p2.compressed' value='false'/>
    <property name='p2.timestamp' value='1280411763986'/>
  </properties>
  <mappings size='4'>
    <rule filter='(&amp; (classifier=osgi.bundle) (format=packed))' output='${repoUrl}/plugins/${id}_${version}.jar.pack.gz'/>
    <rule filter='(&amp; (classifier=osgi.bundle))' output='${repoUrl}/plugins/${id}_${version}.jar'/>
    <rule filter='(&amp; (classifier=binary))' output='${repoUrl}/binary/${id}_${version}'/>
    <rule filter='(&amp; (classifier=org.eclipse.update.feature))' output='${repoUrl}/features/${id}_${version}.jar'/>
  </mappings>
  <artifacts size='21'>
    <artifact classifier='org.eclipse.update.feature' id='com.collabnet.subversion.merge.feature' version='2.1.0'>
      <properties size='2'>
        <property name='artifact.size' value='19214'/>
        <property name='download.size' value='19214'/>
      </properties>
    </artifact>
    <artifact classifier='org.eclipse.update.feature' id='org.tmatesoft.svnkit' version='1.3.3.6648'>
      <properties size='2'>
        <property name='artifact.size' value='1979'/>
        <property name='download.size' value='1979'/>
      </properties>
    </artifact>
    <artifact classifier='osgi.bundle' id='org.tigris.subversion.clientadapter.javahl' version='1.6.12'>
      <properties size='3'>
        <property name='artifact.size' value='163121'/>
        <property name='download.size' value='163121'/>
        <property name='download.contentType' value='application/zip'/>
      </properties>
    </artifact>
    <artifact classifier='osgi.bundle' id='com.collabnet.subversion.merge' version='2.1.0'>
      <properties size='3'>
        <property name='artifact.size' value='446328'/>
        <property name='download.size' value='446328'/>
        <property name='download.contentType' value='application/zip'/>
      </properties>
    </artifact>
    <artifact classifier='org.eclipse.update.feature' id='org.tigris.subversion.clientadapter.javahl.feature' version='1.6.12'>
      <properties size='2'>
        <property name='artifact.size' value='2858'/>
        <property name='download.size' value='2858'/>
      </properties>
    </artifact>
    <artifact classifier='org.eclipse.update.feature' id='org.tigris.subversion.clientadapter.feature' version='1.6.12'>
      <properties size='2'>
        <property name='artifact.size' value='2771'/>
        <property name='download.size' value='2771'/>
      </properties>
    </artifact>
    <artifact classifier='org.eclipse.update.feature' id='org.tigris.subversion.subclipse' version='1.6.13'>
      <properties size='2'>
        <property name='artifact.size' value='22456'/>
        <property name='download.size' value='22456'/>
      </properties>
    </artifact>
    <artifact classifier='osgi.bundle' id='org.tigris.subversion.subclipse.core' version='1.6.13'>
      <properties size='3'>
        <property name='artifact.size' value='299318'/>
        <property name='download.size' value='299318'/>
        <property name='download.contentType' value='application/zip'/>
      </properties>
    </artifact>
    <artifact classifier='osgi.bundle' id='org.tigris.subversion.clientadapter' version='1.6.12'>
      <properties size='3'>
        <property name='artifact.size' value='82086'/>
        <property name='download.size' value='82086'/>
        <property name='download.contentType' value='application/zip'/>
      </properties>
    </artifact>
    <artifact classifier='osgi.bundle' id='com.sun.jna' version='3.2.3'>
      <properties size='3'>
        <property name='artifact.size' value='859504'/>
        <property name='download.size' value='859504'/>
        <property name='download.contentType' value='application/zip'/>
      </properties>
    </artifact>
    <artifact classifier='osgi.bundle' id='org.tmatesoft.svnkit' version='1.3.3.6648'>
      <properties size='3'>
        <property name='artifact.size' value='4245473'/>
        <property name='download.size' value='4245473'/>
        <property name='download.contentType' value='application/zip'/>
      </properties>
    </artifact>
    <artifact classifier='osgi.bundle' id='org.tigris.subversion.clientadapter.javahl.win32' version='1.6.12'>
      <properties size='3'>
        <property name='artifact.size' value='2262596'/>
        <property name='download.size' value='2262596'/>
        <property name='download.contentType' value='application/zip'/>
      </properties>
    </artifact>
    <artifact classifier='osgi.bundle' id='org.tigris.subversion.subclipse.doc' version='1.3.0'>
      <properties size='3'>
        <property name='artifact.size' value='2342937'/>
        <property name='download.size' value='2342937'/>
        <property name='download.contentType' value='application/zip'/>
      </properties>
    </artifact>
    <artifact classifier='osgi.bundle' id='org.tigris.subversion.clientadapter.svnkit' version='1.6.12'>
      <properties size='3'>
        <property name='artifact.size' value='83067'/>
        <property name='download.size' value='83067'/>
        <property name='download.contentType' value='application/zip'/>
      </properties>
    </artifact>
    <artifact classifier='org.eclipse.update.feature' id='com.sun.jna' version='3.2.3'>
      <properties size='2'>
        <property name='artifact.size' value='1143'/>
        <property name='download.size' value='1143'/>
      </properties>
    </artifact>
    <artifact classifier='org.eclipse.update.feature' id='org.tigris.subversion.clientadapter.svnkit.feature' version='1.6.12'>
      <properties size='2'>
        <property name='artifact.size' value='2828'/>
        <property name='download.size' value='2828'/>
      </properties>
    </artifact>
    <artifact classifier='osgi.bundle' id='org.tigris.subversion.subclipse.mylyn' version='3.0.0'>
      <properties size='3'>
        <property name='artifact.size' value='17722'/>
        <property name='download.size' value='17722'/>
        <property name='download.contentType' value='application/zip'/>
      </properties>
    </artifact>
    <artifact classifier='osgi.bundle' id='org.tigris.subversion.subclipse.graph' version='1.0.8'>
      <properties size='3'>
        <property name='artifact.size' value='123566'/>
        <property name='download.size' value='123566'/>
        <property name='download.contentType' value='application/zip'/>
      </properties>
    </artifact>
    <artifact classifier='org.eclipse.update.feature' id='org.tigris.subversion.subclipse.graph.feature' version='1.0.8'>
      <properties size='2'>
        <property name='artifact.size' value='2905'/>
        <property name='download.size' value='2905'/>
      </properties>
    </artifact>
    <artifact classifier='org.eclipse.update.feature' id='org.tigris.subversion.subclipse.mylyn' version='3.0.0'>
      <properties size='2'>
        <property name='artifact.size' value='3805'/>
        <property name='download.size' value='3805'/>
      </properties>
    </artifact>
    <artifact classifier='osgi.bundle' id='org.tigris.subversion.subclipse.ui' version='1.6.13'>
      <properties size='3'>
        <property name='artifact.size' value='1912814'/>
        <property name='download.size' value='1912814'/>
        <property name='download.contentType' value='application/zip'/>
      </properties>
    </artifact>
  </artifacts>
</repository>
